{
  "metadata": {
    "name": "Comexposium - Intermat",
    "lastOpened": 1474963532294,
    "created": 1474963529091
  },
  "iconSets": [
    {
      "icons": [
        {
          "paths": [
            "M514.618 1024l52.891-52.891-461.728-461.653 456.491-456.566-52.891-52.891-509.382 509.456 52.891 52.891z"
          ],
          "attrs": [
            {}
          ],
          "width": 568,
          "isMulticolor": false,
          "isMulticolor2": false,
          "grid": 16,
          "tags": [
            "arrow",
            "left"
          ],
          "colorPermutations": {
            "1981714011991981991255219612552552551344428134505313649301569610816161591651141331658850176102521796960188888719079341": [
              {}
            ]
          },
          "id": 1
        },
        {
          "paths": [
            "M53.382 1024l-52.891-52.891 461.728-461.653-456.491-456.566 52.891-52.891 509.382 509.456-52.891 52.891z"
          ],
          "attrs": [
            {}
          ],
          "width": 568,
          "isMulticolor": false,
          "isMulticolor2": false,
          "grid": 16,
          "tags": [
            "arrow",
            "right"
          ],
          "colorPermutations": {
            "1981714011991981991255219612552552551344428134505313649301569610816161591651141331658850176102521796960188888719079341": [
              {}
            ]
          },
          "id": 2
        },
        {
          "paths": [
            "M-0 512c0-23.321 9.205-45.589 25.688-61.984l424.504-424.329c34.279-34.279 89.775-34.279 123.967 0 34.279 34.279 34.279 89.688 0 123.967l-362.433 362.345 362.433 362.345c34.279 34.279 34.279 89.688 0 123.967-34.192 34.279-89.688 34.279-123.967 0l-424.504-424.329c-16.482-16.482-25.688-38.751-25.688-61.984v0z"
          ],
          "attrs": [
            {}
          ],
          "width": 600,
          "isMulticolor": false,
          "isMulticolor2": false,
          "grid": 16,
          "tags": [
            "arrow",
            "left"
          ],
          "colorPermutations": {
            "1981714011991981991255219612552552551344428134505313649301569610816161591651141331658850176102521796960188888719079341": [
              {}
            ]
          },
          "id": 3
        },
        {
          "paths": [
            "M600 512c0-23.321-9.205-45.589-25.688-61.984l-424.504-424.329c-34.279-34.279-89.775-34.279-123.967 0-34.279 34.279-34.279 89.688 0 123.967l362.433 362.345-362.433 362.345c-34.279 34.279-34.279 89.688 0 123.967 34.192 34.279 89.688 34.279 123.967 0l424.504-424.329c16.482-16.482 25.688-38.751 25.688-61.984v0z"
          ],
          "attrs": [
            {}
          ],
          "width": 600,
          "isMulticolor": false,
          "isMulticolor2": false,
          "grid": 16,
          "tags": [
            "arrow",
            "right"
          ],
          "colorPermutations": {
            "1981714011991981991255219612552552551344428134505313649301569610816161591651141331658850176102521796960188888719079341": [
              {}
            ]
          },
          "id": 4
        },
        {
          "paths": [
            "M684.032 251.937h-172.032v-251.937l-512 512 512 512v-251.937h172.032z"
          ],
          "attrs": [
            {}
          ],
          "width": 684,
          "isMulticolor": false,
          "isMulticolor2": false,
          "grid": 16,
          "tags": [
            "arrow",
            "left"
          ],
          "colorPermutations": {
            "1981714011991981991255219612552552551344428134505313649301569610816161591651141331658850176102521796960188888719079341": [
              {}
            ]
          },
          "id": 5
        },
        {
          "paths": [
            "M-0.032 251.937h172.032v-251.937l512 512-512 512v-251.937h-172.032z"
          ],
          "attrs": [
            {}
          ],
          "width": 684,
          "isMulticolor": false,
          "isMulticolor2": false,
          "grid": 16,
          "tags": [
            "arrow",
            "right"
          ],
          "colorPermutations": {
            "1981714011991981991255219612552552551344428134505313649301569610816161591651141331658850176102521796960188888719079341": [
              {}
            ]
          },
          "id": 6
        },
        {
          "paths": [
            "M512.379 1024h120.578l-468.402-467.118h1012.445v-89.764h-1012.445l468.402-467.118h-120.578l-512.053 512.053 512.053 511.947z"
          ],
          "attrs": [
            {}
          ],
          "width": 1177,
          "isMulticolor": false,
          "isMulticolor2": false,
          "grid": 16,
          "tags": [
            "arrow",
            "left"
          ],
          "colorPermutations": {
            "1981714011991981991255219612552552551344428134505313649301569610816161591651141331658850176102521796960188888719079341": [
              {}
            ]
          },
          "id": 7
        },
        {
          "paths": [
            "M664.621 1024h-120.578l468.402-467.118h-1012.445v-89.764h1012.445l-468.402-467.118h120.578l512.053 512.053-512.053 511.947z"
          ],
          "attrs": [
            {}
          ],
          "width": 1177,
          "isMulticolor": false,
          "isMulticolor2": false,
          "grid": 16,
          "tags": [
            "arrow",
            "right"
          ],
          "colorPermutations": {
            "1981714011991981991255219612552552551344428134505313649301569610816161591651141331658850176102521796960188888719079341": [
              {}
            ]
          },
          "id": 8
        },
        {
          "paths": [
            "M823.438 1024h-728.814c-52.167 0-94.583-42.456-94.583-94.703v-531.222c0-11.718 5.217-22.873 14.125-30.498l420.587-358.067c15.088-12.721 37.159-12.761 52.167 0.161l417.176 357.906c8.909 7.624 14.045 18.74 14.045 30.498v531.302c0 52.167-42.456 94.623-94.703 94.623zM80.257 416.534v512.843c0 7.865 6.421 14.326 14.326 14.326h728.855c7.945 0 14.446-6.421 14.446-14.366v-512.803l-377.208-323.597-380.419 323.597z",
            "M823.438 1003.936h-728.814c-30.658 0-58.588-19.342-69.543-48.154-2.929-7.785-0.803-16.573 5.417-22.071l415.25-370.386c7.624-6.822 19.141-6.822 26.726 0l415.25 370.386c6.18 5.498 8.347 14.246 5.417 22.071-11.035 28.772-38.925 48.154-69.663 48.154zM69.422 952.651c6.3 7.022 15.329 11.116 25.161 11.116h728.855c9.872 0 18.941-4.133 25.281-11.075l-389.648-347.513-389.648 347.513z",
            "M586.88 709.633c-5.538 0-10.995-2.287-14.968-6.701-7.384-8.266-6.661-20.947 1.605-28.331l287.441-256.261c8.307-7.424 20.947-6.661 28.331 1.605s6.701 20.947-1.605 28.331l-287.401 256.301c-3.852 3.411-8.628 5.096-13.363 5.096zM333.468 711.599c-4.815 0-9.551-1.685-13.403-5.096l-289.568-258.267c-8.307-7.384-9.029-20.064-1.605-28.331 7.303-8.266 19.944-9.029 28.291-1.605l289.608 258.307c8.266 7.424 8.989 20.064 1.605 28.371-4.013 4.414-9.47 6.661-14.968 6.661z",
            "M458.99 514.849c-10.273 0-20.546-3.892-28.371-11.718l-110.394-110.273c-15.65-15.65-15.65-41.011 0-56.702s41.092-15.65 56.782 0l81.983 81.862 81.983-81.862c15.73-15.65 41.092-15.65 56.782 0s15.65 41.092 0 56.742l-110.353 110.273c-7.825 7.825-18.058 11.758-28.371 11.758z",
            "M458.99 484.873c-22.191 0-40.129-17.937-40.129-40.129v-197.673c0-22.191 17.937-40.129 40.129-40.129s40.129 17.937 40.129 40.129v197.673c0 22.191-17.937 40.129-40.129 40.129z"
          ],
          "attrs": [
            {},
            {},
            {},
            {},
            {}
          ],
          "width": 918,
          "isMulticolor": false,
          "isMulticolor2": false,
          "grid": 16,
          "tags": [
            "mail",
            "in"
          ],
          "colorPermutations": {
            "1981714011991981991255219612552552551344428134505313649301569610816161591651141331658850176102521796960188888719079341": [
              {},
              {},
              {},
              {},
              {}
            ]
          },
          "id": 9
        },
        {
          "paths": [
            "M957.469 1000.672h-847.455c-35.692 0-68.117-22.488-80.901-55.987-3.406-9.051-0.933-19.269 6.299-25.661l330.789-295.004c9.564-8.631 24.261-7.698 32.892 1.866 8.585 9.611 7.745 24.354-1.866 32.939l-316.512 282.221c7.465 8.118 18.056 12.97 29.3 12.97h847.455c11.197 0 21.835-4.852 29.253-12.924l-320.198-285.533c-9.611-8.538-10.451-23.328-1.866-32.892 8.538-9.611 23.235-10.451 32.939-1.866l334.428 298.27c7.232 6.438 9.798 16.609 6.345 25.661-12.69 33.499-45.163 55.987-80.901 55.987zM673.569 211.817c-9.238 0-18.476-3.499-25.521-10.544l-114.307-114.167-114.307 114.167c-14.090 13.997-36.858 14.090-51.041 0-13.997-14.137-13.997-36.998 0-51.088l139.874-139.687c14.137-13.997 36.858-13.997 51.041 0l139.781 139.641c14.137 14.090 14.137 36.858 0 51.041-6.998 6.998-16.236 10.591-25.474 10.591z",
            "M533.742 558.936c-19.969 0-36.112-16.19-36.112-36.112v-448.642c0-20.062 16.19-36.158 36.112-36.158s36.112 16.19 36.112 36.112v448.642c0 19.969-16.143 36.112-36.112 36.112z",
            "M957.469 1024h-847.455c-60.652 0-110.014-49.362-110.014-110.014v-554.41c0-60.652 49.362-109.968 110.014-109.968h298.363c25.801 0 46.656 20.855 46.656 46.656s-20.855 46.656-46.656 46.656h-298.363c-9.191 0-16.703 7.465-16.703 16.656v554.41c0 9.191 7.465 16.703 16.703 16.703h847.455c9.191 0 16.656-7.465 16.656-16.703v-554.41c0-9.191-7.465-16.656-16.703-16.656h-298.363c-25.801 0-46.656-20.855-46.656-46.656s20.855-46.656 46.656-46.656h298.363c60.652 0 109.968 49.362 109.968 109.968v554.41c0 60.652-49.362 110.014-110.014 110.014z",
            "M533.742 791.048c-5.599 0-11.104-1.96-15.536-5.925l-482.747-430.539c-9.658-8.538-10.498-23.328-1.866-32.892 8.491-9.564 23.188-10.498 32.892-1.866l467.304 416.636 467.304-416.636c9.658-8.631 24.354-7.698 32.939 1.866 8.585 9.611 7.745 24.354-1.866 32.939l-482.793 430.632c-4.432 3.872-9.984 5.832-15.583 5.832z"
          ],
          "attrs": [
            {},
            {},
            {},
            {}
          ],
          "width": 1067,
          "isMulticolor": false,
          "isMulticolor2": false,
          "grid": 16,
          "tags": [
            "mail",
            "out"
          ],
          "colorPermutations": {
            "1981714011991981991255219612552552551344428134505313649301569610816161591651141331658850176102521796960188888719079341": [
              {},
              {},
              {},
              {}
            ]
          },
          "id": 10
        },
        {
          "paths": [
            "M439.317 878.766c-242.116 0-439.229-197.025-439.317-439.185 0.088-242.38 197.201-439.537 439.405-439.581 242.204 0 439.361 197.113 439.449 439.405-0.044 242.248-197.201 439.361-439.537 439.361v0zM439.405 88.154c-193.631 0.044-351.163 157.664-351.251 351.383 0.088 193.543 157.576 351.030 351.163 351.030 193.763 0 351.383-157.532 351.383-351.163-0.088-193.675-157.708-351.251-351.295-351.251v0z",
            "M192.264 439.317h-44.077c0.044-160.573 130.689-291.218 291.218-291.218v44.077c-136.242 0-247.096 110.854-247.14 247.14v0z",
            "M962.953 1024c-11.284 0-22.567-4.32-31.163-12.915l-245.421-245.377c-17.234-17.19-17.234-45.091 0-62.325s45.091-17.234 62.325 0l245.421 245.377c17.234 17.19 17.234 45.091 0 62.325-8.639 8.639-19.879 12.915-31.163 12.915v0z"
          ],
          "attrs": [
            {},
            {},
            {}
          ],
          "width": 1007,
          "isMulticolor": false,
          "isMulticolor2": false,
          "grid": 16,
          "tags": [
            "magnifier",
            "search"
          ],
          "colorPermutations": {
            "1981714011991981991255219612552552551344428134505313649301569610816161591651141331658850176102521796960188888719079341": [
              {},
              {},
              {}
            ]
          },
          "id": 11
        },
        {
          "paths": [
            "M934.401 1024c-167.551 0-303.833-136.282-303.833-303.784s136.282-303.784 303.833-303.784c167.453 0 303.735 136.282 303.735 303.784s-136.282 303.784-303.735 303.784v0zM934.401 465.366c-140.588 0-254.899 114.311-254.899 254.85s114.311 254.85 254.899 254.85c140.49 0 254.801-114.311 254.801-254.85s-114.311-254.85-254.801-254.85v0z",
            "M586.184 1002.909c-8.123 0-16.246-2.006-23.586-6.068-2.202-1.174-4.257-2.545-6.215-4.062l-14.827-10.325c-36.309-25.25-121.357-84.412-177.876-128.012-215.996-168.089-326.294-289.3-347.238-381.541-10.080-30.437-16.002-67.089-16.393-104.719-1.321-100.022 36.407-196.716 103.594-265.077 61.266-62.293 141.665-96.792 226.272-97.135 94.688-1.321 181.742 37.582 245.112 105.894 61.462-69.731 148.124-110.494 242.568-111.766 85.733-2.006 165.643 30.682 228.425 91.409 68.802 66.551 108.977 162.119 110.298 262.239 0.391 37.631-4.649 74.429-14.925 109.368-1.811 9.836-6.802 24.565-14.044 40.909l-89.256-40.175c4.208-9.395 7.095-17.518 8.417-24.174 8.612-29.801 12.234-56.911 11.94-84.705-0.979-74.136-30.29-144.503-80.497-193.046-43.845-42.426-98.749-65.621-158.743-63.908-83.482 1.077-158.352 46.145-200.631 120.476-8.612 15.072-24.565 24.467-41.888 24.712-18.253 1.468-33.471-8.759-42.475-23.635-43.943-72.619-118.91-115.779-200.827-115.779-0.979 0-1.811 0-2.691 0-58.721 0.294-114.36 24.369-157.177 67.921-49.032 49.864-76.68 121.064-75.604 195.297 0.294 27.844 4.6 54.709 12.821 80.008 9.738 41.986 61.657 134.569 312.935 330.16 49.619 38.267 123.461 89.941 163.196 117.589 23.44-16.246 51.283-36.848 82.993-61.608l60.14 77.218c-47.956 37.386-86.516 65.181-117.442 84.901-8.074 5.089-17.274 7.634-26.376 7.634v0z",
            "M934.401 904.356c-27.061 0-48.934-21.923-48.934-48.934v-270.46c0-27.012 21.874-48.934 48.934-48.934s48.934 21.923 48.934 48.934v270.46c0 27.061-21.923 48.934-48.934 48.934v0z",
            "M1069.607 769.15h-270.46c-27.061 0-48.934-21.923-48.934-48.934s21.874-48.934 48.934-48.934h270.46c27.012 0 48.934 21.923 48.934 48.934s-21.923 48.934-48.934 48.934v0z"
          ],
          "attrs": [
            {},
            {},
            {},
            {}
          ],
          "width": 1238,
          "isMulticolor": false,
          "isMulticolor2": false,
          "grid": 16,
          "tags": [
            "heart",
            "plus"
          ],
          "colorPermutations": {
            "1981714011991981991255219612552552551344428134505313649301569610816161591651141331658850176102521796960188888719079341": [
              {},
              {},
              {},
              {}
            ]
          },
          "id": 12
        },
        {
          "paths": [
            "M934.401 1024c-167.551 0-303.833-136.282-303.833-303.784s136.282-303.784 303.833-303.784c167.453 0 303.735 136.282 303.735 303.784s-136.282 303.784-303.735 303.784v0zM934.401 465.366c-140.588 0-254.899 114.311-254.899 254.85s114.311 254.85 254.899 254.85c140.49 0 254.801-114.311 254.801-254.85s-114.311-254.85-254.801-254.85v0z",
            "M586.184 1002.909c-8.123 0-16.246-2.006-23.586-6.068-2.202-1.174-4.257-2.545-6.215-4.062l-14.827-10.325c-36.309-25.25-121.357-84.412-177.876-128.012-215.996-168.089-326.294-289.3-347.238-381.541-10.080-30.437-16.002-67.089-16.393-104.719-1.321-100.022 36.407-196.716 103.594-265.077 61.266-62.293 141.665-96.792 226.272-97.135 94.688-1.321 181.742 37.582 245.112 105.894 61.462-69.731 148.124-110.494 242.568-111.766 85.733-2.006 165.643 30.682 228.425 91.409 68.802 66.551 108.977 162.119 110.298 262.239 0.391 37.631-4.649 74.429-14.925 109.368-1.811 9.836-6.802 24.565-14.044 40.909l-89.256-40.175c4.208-9.395 7.095-17.518 8.417-24.174 8.612-29.801 12.234-56.911 11.94-84.705-0.979-74.136-30.29-144.503-80.497-193.046-43.845-42.426-98.749-65.621-158.743-63.908-83.482 1.077-158.352 46.145-200.631 120.476-8.612 15.072-24.565 24.467-41.888 24.712-18.253 1.468-33.471-8.759-42.475-23.635-43.943-72.619-118.91-115.779-200.827-115.779-0.979 0-1.811 0-2.691 0-58.721 0.294-114.36 24.369-157.177 67.921-49.032 49.864-76.68 121.064-75.604 195.297 0.294 27.844 4.6 54.709 12.821 80.008 9.738 41.986 61.657 134.569 312.935 330.16 49.619 38.267 123.461 89.941 163.196 117.589 23.44-16.246 51.283-36.848 82.993-61.608l60.14 77.218c-47.956 37.386-86.516 65.181-117.442 84.901-8.074 5.089-17.274 7.634-26.376 7.634v0z",
            "M1069.607 769.15h-270.46c-27.061 0-48.934-21.923-48.934-48.934s21.874-48.934 48.934-48.934h270.46c27.012 0 48.934 21.923 48.934 48.934s-21.923 48.934-48.934 48.934v0z"
          ],
          "attrs": [
            {},
            {},
            {}
          ],
          "width": 1238,
          "isMulticolor": false,
          "isMulticolor2": false,
          "grid": 16,
          "tags": [
            "heart",
            "minus"
          ],
          "colorPermutations": {
            "1981714011991981991255219612552552551344428134505313649301569610816161591651141331658850176102521796960188888719079341": [
              {},
              {},
              {}
            ]
          },
          "id": 13
        },
        {
          "paths": [
            "M798.822 240.753c-24.965 0-45.144-20.224-45.144-45.144v-150.465c0-24.919 20.179-45.144 45.144-45.144s45.144 20.224 45.144 45.144v150.465c0 24.919-20.179 45.144-45.144 45.144zM223.237 240.753c-24.965 0-45.144-20.224-45.144-45.144v-150.465c0-24.919 20.179-45.144 45.144-45.144s45.144 20.224 45.144 45.144v150.465c0 24.919-20.179 45.144-45.144 45.144zM969.376 386.884h-917.912c-12.46 0-22.572-10.157-22.572-22.572s10.112-22.572 22.572-22.572h917.912c12.505 0 22.572 10.067 22.572 22.572s-10.067 22.572-22.572 22.572zM256.327 478.526h-87.579v87.579h87.579v-87.579zM407.875 478.526h-87.579v87.579h87.579v-87.579zM559.559 478.526h-87.67v87.579h87.67v-87.579zM711.107 478.526h-87.579v87.579h87.579v-87.579zM256.327 619.194h-87.579v87.579h87.579v-87.579zM407.875 619.194h-87.579v87.579h87.579v-87.579zM559.559 619.194h-87.67v87.579h87.67v-87.579z",
            "M871.413 1024c-154.483 0-280.208-125.726-280.208-280.254s125.726-280.254 280.208-280.254c154.573 0 280.344 125.726 280.344 280.254s-125.771 280.254-280.344 280.254zM871.413 508.637c-129.563 0-235.064 105.456-235.064 235.11s105.456 235.11 235.064 235.11c129.699 0 235.2-105.456 235.2-235.11s-105.501-235.11-235.2-235.11z",
            "M996.146 788.89h-249.465c-25.010 0-45.144-20.224-45.144-45.144s20.134-45.144 45.144-45.144h249.465c24.965 0 45.144 20.224 45.144 45.144s-20.179 45.144-45.144 45.144z",
            "M871.413 913.623c-24.965 0-45.144-20.224-45.144-45.144v-249.556c0-24.829 20.179-45.144 45.144-45.144s45.144 20.315 45.144 45.144v249.556c0 24.965-20.224 45.144-45.144 45.144z",
            "M640.592 902.879h-595.449c-24.965 0-45.144-20.315-45.144-45.144v-737.381c0-24.919 20.179-45.144 45.144-45.144h926.805c24.919 0 45.144 20.224 45.144 45.144v385.981h-90.288v-340.837h-836.517v647.093h550.305v90.288z"
          ],
          "attrs": [
            {},
            {},
            {},
            {},
            {}
          ],
          "width": 1152,
          "isMulticolor": false,
          "isMulticolor2": false,
          "grid": 16,
          "tags": [
            "calendar",
            "plus"
          ],
          "colorPermutations": {
            "1981714011991981991255219612552552551344428134505313649301569610816161591651141331658850176102521796960188888719079341": [
              {},
              {},
              {},
              {},
              {}
            ]
          },
          "id": 14
        },
        {
          "paths": [
            "M798.822 240.753c-24.965 0-45.144-20.224-45.144-45.144v-150.465c0-24.919 20.179-45.144 45.144-45.144s45.144 20.224 45.144 45.144v150.465c0 24.919-20.179 45.144-45.144 45.144v0z",
            "M223.237 240.753c-24.965 0-45.144-20.224-45.144-45.144v-150.465c0-24.919 20.179-45.144 45.144-45.144s45.144 20.224 45.144 45.144v150.465c0 24.919-20.179 45.144-45.144 45.144v0z",
            "M969.376 386.838h-917.867c-12.505 0-22.572-10.112-22.572-22.572s10.067-22.572 22.572-22.572h917.867c12.505 0 22.572 10.112 22.572 22.572s-10.067 22.572-22.572 22.572v0z",
            "M256.327 478.526h-87.579v87.534h87.579v-87.534z",
            "M407.875 478.526h-87.534v87.534h87.534v-87.534z",
            "M559.559 478.526h-87.67v87.534h87.67v-87.534z",
            "M711.107 478.526h-87.624v87.534h87.624v-87.534z",
            "M256.327 619.194h-87.579v87.534h87.579v-87.534z",
            "M407.875 619.194h-87.534v87.534h87.534v-87.534z",
            "M559.559 619.194h-87.67v87.534h87.67v-87.534z",
            "M871.413 1024c-154.483 0-280.208-125.726-280.208-280.254s125.726-280.254 280.208-280.254c154.573 0 280.299 125.726 280.299 280.254s-125.726 280.254-280.299 280.254v0zM871.413 508.637c-129.608 0-235.064 105.456-235.064 235.11s105.456 235.11 235.064 235.11c129.699 0 235.155-105.456 235.155-235.11s-105.456-235.11-235.155-235.11v0z",
            "M996.146 788.89h-249.511c-24.965 0-45.144-20.224-45.144-45.144s20.179-45.144 45.144-45.144h249.511c24.965 0 45.144 20.224 45.144 45.144s-20.179 45.144-45.144 45.144v0z",
            "M640.547 902.834h-595.403c-24.965 0-45.144-20.224-45.144-45.144v-737.291c0-24.919 20.179-45.144 45.144-45.144h926.76c24.965 0 45.144 20.224 45.144 45.144v385.981h-90.288v-340.837h-836.472v647.003h550.259v90.288z"
          ],
          "attrs": [
            {},
            {},
            {},
            {},
            {},
            {},
            {},
            {},
            {},
            {},
            {},
            {},
            {}
          ],
          "width": 1152,
          "isMulticolor": false,
          "isMulticolor2": false,
          "grid": 16,
          "tags": [
            "calendar",
            "minus"
          ],
          "colorPermutations": {
            "1981714011991981991255219612552552551344428134505313649301569610816161591651141331658850176102521796960188888719079341": [
              {},
              {},
              {},
              {},
              {},
              {},
              {},
              {},
              {},
              {},
              {},
              {},
              {}
            ]
          },
          "id": 15
        },
        {
          "paths": [
            "M432.909 1024c-9.712 0-19.467-3.378-27.363-10.092-41.509-35.386-405.546-352.34-405.546-581.041 0-238.666 194.243-432.867 432.909-432.867 238.75 0 432.909 194.201 432.909 432.867 0 228.743-363.953 545.655-405.546 581.041-7.812 6.714-17.651 10.092-27.363 10.092v0zM432.909 84.454c-192.090 0-348.456 156.281-348.456 348.413 0 148.301 230.516 386.502 348.456 492.702 117.939-106.2 348.456-344.402 348.456-492.702 0-192.132-156.281-348.413-348.456-348.413v0z",
            "M432.909 695.011c-144.585 0-262.186-117.602-262.186-262.144s117.602-262.144 262.186-262.144 262.186 117.602 262.186 262.144-117.602 262.144-262.186 262.144v0zM432.909 212.95c-121.233 0-219.959 98.642-219.959 219.917s98.726 219.917 219.959 219.917c121.318 0 219.959-98.642 219.959-219.917s-98.642-219.917-219.959-219.917v0z",
            "M432.909 290.352c-78.753 0-142.515 63.847-142.515 142.515 0 78.711 63.762 142.515 142.515 142.515 78.669 0 142.515-63.805 142.515-142.515 0-78.669-63.847-142.515-142.515-142.515v0z"
          ],
          "attrs": [
            {
              "fill": "rgb(79, 69, 60)"
            },
            {
              "fill": "rgb(79, 69, 60)"
            },
            {
              "fill": "rgb(79, 69, 60)"
            }
          ],
          "width": 866,
          "isMulticolor": false,
          "isMulticolor2": false,
          "grid": 16,
          "tags": [
            "map",
            "marker"
          ],
          "colorPermutations": {
            "1981714011991981991255219612552552551344428134505313649301569610816161591651141331658850176102521796960188888719079341": [
              {
                "f": 5
              },
              {
                "f": 5
              },
              {
                "f": 5
              }
            ]
          },
          "id": 16
        },
        {
          "paths": [
            "M355.049 1024.014l-29.074-39.397c-33.368-45.18-325.975-446.825-325.975-629.54 0-195.784 159.293-355.078 355.078-355.078 195.77 0 355.034 159.293 355.034 355.078 0 182.715-292.607 584.346-325.975 629.54l-29.089 39.397zM355.078 72.288c-155.939 0-282.79 126.851-282.79 282.79 0 121.458 183.235 405.592 282.761 546.308 99.54-140.701 282.775-424.835 282.775-546.308-0-155.939-126.851-282.79-282.746-282.79z",
            "M355.063 541.45c-105.627 0-191.563-85.936-191.563-191.563s85.936-191.563 191.563-191.563c105.627 0 191.563 85.936 191.563 191.563s-85.936 191.563-191.563 191.563zM355.063 230.613c-65.767 0-119.275 53.507-119.275 119.275s53.507 119.275 119.275 119.275 119.275-53.507 119.275-119.275-53.507-119.275-119.275-119.275z"
          ],
          "attrs": [
            {},
            {}
          ],
          "width": 710,
          "isMulticolor": false,
          "isMulticolor2": false,
          "grid": 16,
          "tags": [
            "map",
            "marker"
          ],
          "colorPermutations": {
            "1981714011991981991255219612552552551344428134505313649301569610816161591651141331658850176102521796960188888719079341": [
              {},
              {}
            ]
          },
          "id": 17
        },
        {
          "paths": [
            "M178.386 459.369c-23.759 0-42.964-19.205-42.964-42.964v-236.344c0-23.759 19.205-42.964 42.964-42.964h236.301c23.759 0 42.964 19.205 42.964 42.964s-19.205 42.964-42.964 42.964h-193.337v193.38c-0 23.759-19.205 42.964-42.964 42.964v0z",
            "M845.7 459.369c-23.759 0-42.964-19.205-42.964-42.964v-193.38h-193.423c-23.759 0-42.964-19.205-42.964-42.964s19.205-42.964 42.964-42.964h236.387c23.759 0 42.964 19.205 42.964 42.964v236.344c0 23.759-19.248 42.964-42.964 42.964v0z",
            "M414.687 886.945h-236.301c-23.759 0-42.964-19.205-42.964-42.964v-236.387c0-23.759 19.205-42.964 42.964-42.964s42.964 19.205 42.964 42.964v193.423h193.337c23.759 0 42.964 19.205 42.964 42.964s-19.205 42.964-42.964 42.964v0z",
            "M845.7 886.945h-236.387c-23.759 0-42.964-19.205-42.964-42.964s19.205-42.964 42.964-42.964h193.423v-193.423c0-23.759 19.205-42.964 42.964-42.964s42.964 19.205 42.964 42.964v236.387c0 23.716-19.248 42.964-42.964 42.964v0z",
            "M981.036 1024h-938.072c-23.759 0-42.964-19.205-42.964-42.964v-938.072c0-23.759 19.205-42.964 42.964-42.964h938.072c23.759 0 42.964 19.205 42.964 42.964v938.072c0 23.759-19.205 42.964-42.964 42.964v0zM85.928 938.072h852.145v-852.145h-852.145v852.145z"
          ],
          "attrs": [
            {},
            {},
            {},
            {},
            {}
          ],
          "isMulticolor": false,
          "isMulticolor2": false,
          "grid": 16,
          "tags": [
            "square"
          ],
          "colorPermutations": {
            "1981714011991981991255219612552552551344428134505313649301569610816161591651141331658850176102521796960188888719079341": [
              {},
              {},
              {},
              {},
              {}
            ]
          },
          "id": 18
        },
        {
          "paths": [
            "M712.107 1024c-235.675 0-427.283-191.654-427.283-427.283s191.607-427.283 427.283-427.283c235.583 0 427.283 191.654 427.283 427.283s-191.7 427.283-427.283 427.283v0zM712.107 261.82c-184.678 0-334.897 150.219-334.897 334.897s150.219 334.897 334.897 334.897 334.897-150.219 334.897-334.897-150.219-334.897-334.897-334.897v0z",
            "M712.107 877.662c-154.977 0-281.036-126.060-281.036-280.944 0-154.93 126.060-281.036 281.036-281.036 154.93 0 280.944 126.060 280.944 281.036 0 154.884-126.014 280.944-280.944 280.944v0zM712.107 361.874c-129.478 0-234.844 105.319-234.844 234.844 0 129.432 105.366 234.751 234.844 234.751 129.432 0 234.751-105.319 234.751-234.751 0-129.524-105.319-234.844-234.751-234.844v0z",
            "M531.216 300.253h-485.023c-25.545 0-46.193-20.648-46.193-46.193s20.648-46.193 46.193-46.193h485.023c25.498 0 46.193 20.648 46.193 46.193s-20.694 46.193-46.193 46.193v0z",
            "M677.462 92.385h-631.27c-25.545 0-46.193-20.648-46.193-46.193s20.648-46.193 46.193-46.193h631.27c25.545 0 46.193 20.648 46.193 46.193s-20.648 46.193-46.193 46.193v0z",
            "M307.921 508.12h-261.728c-25.545 0-46.193-20.648-46.193-46.193s20.648-46.193 46.193-46.193h261.728c25.545 0 46.193 20.648 46.193 46.193s-20.648 46.193-46.193 46.193v0z",
            "M307.921 715.987h-261.728c-25.545 0-46.193-20.648-46.193-46.193s20.648-46.193 46.193-46.193h261.728c25.545 0 46.193 20.648 46.193 46.193s-20.648 46.193-46.193 46.193v0z",
            "M431.163 923.854h-384.97c-25.545 0-46.193-20.648-46.193-46.193s20.648-46.193 46.193-46.193h384.97c25.498 0 46.193 20.648 46.193 46.193s-20.694 46.193-46.193 46.193v0z",
            "M666.33 641.663c5.174 53.122 22.219 79.775 51.089 79.775 10.809 0 20.741-2.633 29.702-7.76 8.915-5.22 17.599-17.322 25.914-36.446 5.312-12.472 9.931-20.232 13.812-23.189 3.788-3.049 7.945-4.619 12.426-4.619 8.869 0 15.844 2.541 20.787 7.668s7.391 12.287 7.391 21.48c0 21.757-10.624 41.851-31.919 60.281-21.387 18.477-47.163 27.716-77.604 27.716-28.455 0-53.214-10.393-74.416-31.042s-33.813-51.967-37.97-93.817h-28.224c-2.633 0-3.973-1.894-3.973-5.774 0-3.695 1.432-8.407 4.25-13.996 2.818-5.682 5.127-8.499 7.114-8.499h19.031v-8.038c0-6.513 0.37-15.89 0.924-28.131h-27.346c-2.633 0-3.973-1.894-3.973-5.589 0-3.88 1.432-8.592 4.25-14.274 2.818-5.589 5.127-8.407 7.114-8.407h22.126c9.654-77.234 46.054-115.759 109.292-115.759 27.9 0 51.874 7.114 72.014 21.572 20.232 14.366 30.21 32.196 30.21 53.491 0 7.298-2.356 13.442-7.021 18.477-4.804 4.943-10.578 7.483-17.415 7.483-7.483 0-12.98-1.894-16.491-5.774-3.511-3.788-6.975-9.747-10.393-17.784-4.296-10.486-9.377-18.477-15.244-24.066-5.959-5.589-16.121-8.315-30.21-8.315-16.352 0-28.87 5.682-37.739 17.045-8.777 11.456-14.412 29.332-16.907 53.584h71.553c2.956 0 4.435 1.894 4.435 5.774 0 4.157-1.34 8.915-4.157 14.366-2.725 5.405-5.127 8.13-7.206 8.13h-66.425l-0.508 21.757c0 6.698 0.231 11.456 0.508 14.458h73.354c2.956 0 4.435 1.894 4.435 5.589 0 4.25-1.34 9.1-4.157 14.505-2.725 5.405-5.127 8.13-7.206 8.13h-65.224z"
          ],
          "attrs": [
            {},
            {},
            {},
            {},
            {},
            {},
            {},
            {}
          ],
          "width": 1139,
          "isMulticolor": false,
          "isMulticolor2": false,
          "grid": 16,
          "tags": [
            "list",
            "euro"
          ],
          "colorPermutations": {
            "1981714011991981991255219612552552551344428134505313649301569610816161591651141331658850176102521796960188888719079341": [
              {},
              {},
              {},
              {},
              {},
              {},
              {},
              {}
            ]
          },
          "id": 19
        },
        {
          "paths": [
            "M738.969 1024h-696.742c-23.351 0-42.227-18.875-42.227-42.227v-897.32c0-23.351 18.875-42.227 42.227-42.227h696.742c23.351 0 42.227 18.875 42.227 42.227v897.32c0 23.351-18.875 42.227-42.227 42.227v0zM84.454 939.546h612.289v-812.866h-612.289v812.866z",
            "M533.113 179.464h-285.031c-49.49 0-89.732-40.242-89.732-89.732s40.242-89.732 89.732-89.732h285.031c49.49 0 89.732 40.242 89.732 89.732s-40.242 89.732-89.732 89.732v0zM248.082 84.454c-2.871 0-5.278 2.365-5.278 5.278s2.407 5.278 5.278 5.278h285.031c2.956 0 5.278-2.365 5.278-5.278s-2.322-5.278-5.278-5.278h-285.031z",
            "M246.942 322.866h-48.772c-10.81 0-19.551 8.699-19.551 19.509v48.73c0 10.768 8.741 19.509 19.551 19.509h48.73c10.81 0 19.467-8.741 19.467-19.509v-48.73c0.042-10.768-8.614-19.509-19.424-19.509v0z",
            "M602.576 387.895h-271.181c-11.612 0-21.113-9.459-21.113-21.113s9.501-21.113 21.113-21.113h271.181c11.697 0 21.113 9.459 21.113 21.113s-9.417 21.113-21.113 21.113v0z",
            "M246.942 612.584h-48.772c-10.81 0-19.551 8.699-19.551 19.509v48.73c0 10.768 8.741 19.551 19.551 19.551h48.73c10.81 0 19.467-8.783 19.467-19.551v-48.73c0.042-10.81-8.614-19.509-19.424-19.509v0z",
            "M602.576 677.614h-271.181c-11.612 0-21.113-9.459-21.113-21.113s9.501-21.113 21.113-21.113h271.181c11.697 0 21.113 9.459 21.113 21.113s-9.417 21.113-21.113 21.113v0z",
            "M246.942 467.704h-48.772c-10.81 0-19.551 8.741-19.551 19.551v48.73c0 10.726 8.741 19.509 19.551 19.509h48.73c10.81 0 19.467-8.783 19.467-19.509v-48.73c0.042-10.81-8.614-19.551-19.424-19.551v0z",
            "M602.576 532.733h-271.181c-11.612 0-21.113-9.459-21.113-21.113s9.501-21.113 21.113-21.113h271.181c11.697 0 21.113 9.459 21.113 21.113s-9.417 21.113-21.113 21.113v0z"
          ],
          "attrs": [
            {},
            {},
            {},
            {},
            {},
            {},
            {},
            {}
          ],
          "width": 781,
          "isMulticolor": false,
          "isMulticolor2": false,
          "grid": 16,
          "tags": [
            "list",
            "board"
          ],
          "colorPermutations": {
            "1981714011991981991255219612552552551344428134505313649301569610816161591651141331658850176102521796960188888719079341": [
              {},
              {},
              {},
              {},
              {},
              {},
              {},
              {}
            ]
          },
          "id": 20
        },
        {
          "paths": [
            "M515.091 1001.273c-12.545 0-22.727-10.182-22.727-22.727v-272.727c0-12.545 10.182-22.727 22.727-22.727h272.727c12.545 0 22.727 10.182 22.727 22.727s-10.182 22.727-22.727 22.727h-250v250c0 12.591-10.182 22.727-22.727 22.727v0z",
            "M515.091 1024h-469.636c-25.136 0-45.455-20.318-45.455-45.455v-933.091c0-25.136 20.318-45.455 45.455-45.455h742.364c25.136 0 45.455 20.318 45.455 45.455v660.364c0 12.091-4.773 23.636-13.318 32.136l-272.727 272.727c-8.5 8.545-20.045 13.318-32.136 13.318v0zM90.909 933.091h405.364l246.091-246.091v-596.091h-651.455v842.182z",
            "M416.682 612.955c-11.636 0-23.273-4.455-32.136-13.318l-133.682-133.591c-17.773-17.727-17.773-46.5 0-64.273s46.5-17.773 64.273 0l101.545 101.455 101.5-101.455c17.773-17.773 46.5-17.773 64.273 0s17.773 46.5 0 64.273l-133.636 133.591c-8.864 8.909-20.5 13.318-32.136 13.318v0z",
            "M416.682 576.682c-25.091 0-45.455-20.318-45.455-45.455l-0.045-309.591c0-25.091 20.318-45.455 45.455-45.455 25.091 0 45.455 20.318 45.455 45.455l0.045 309.591c0 25.045-20.318 45.455-45.455 45.455v0z"
          ],
          "attrs": [
            {},
            {},
            {},
            {}
          ],
          "width": 833,
          "isMulticolor": false,
          "isMulticolor2": false,
          "grid": 16,
          "tags": [
            "file",
            "download"
          ],
          "colorPermutations": {
            "1981714011991981991255219612552552551344428134505313649301569610816161591651141331658850176102521796960188888719079341": [
              {},
              {},
              {},
              {}
            ]
          },
          "id": 21
        },
        {
          "paths": [
            "M608 192h160v-192h-160c-123.514 0-224 100.486-224 224v96h-128v192h128v512h192v-512h160l32-192h-192v-96c0-17.346 14.654-32 32-32z"
          ],
          "attrs": [],
          "isMulticolor": false,
          "isMulticolor2": false,
          "tags": [
            "facebook",
            "brand",
            "social"
          ],
          "defaultCode": 60048,
          "grid": 16,
          "colorPermutations": {
            "1981714011991981991255219612552552551344428134505313649301569610816161591651141331658850176102521796960188888719079341": []
          },
          "id": 22
        },
        {
          "paths": [
            "M886.579 319.795c0.41 8.294 0.563 16.691 0.563 24.986 0 255.488-194.406 549.99-549.888 549.99-109.21 0-210.739-32-296.294-86.886 15.155 1.792 30.515 2.714 46.080 2.714 90.624 0 173.926-30.925 240.026-82.688-84.531-1.587-155.955-57.395-180.531-134.195 11.776 2.202 23.91 3.379 36.352 3.379 17.664 0 34.765-2.304 50.944-6.707-88.422-17.818-155.034-95.898-155.034-189.594 0-0.819 0-1.587 0-2.406 26.061 14.49 55.91 23.194 87.552 24.218-51.866-34.714-86.016-93.798-86.016-160.922 0-35.379 9.523-68.608 26.214-97.178 95.283 116.992 237.773 193.894 398.387 201.984-3.277-14.182-4.966-28.877-4.966-44.083 0-106.701 86.477-193.178 193.229-193.178 55.603 0 105.83 23.398 141.107 60.979 43.981-8.704 85.35-24.781 122.726-46.899-14.438 45.107-45.107 82.995-84.992 106.906 39.117-4.71 76.288-15.002 111.002-30.413-25.907 38.81-58.675 72.806-96.461 99.994z"
          ],
          "attrs": [],
          "isMulticolor": false,
          "isMulticolor2": false,
          "tags": [
            "twitter",
            "brand",
            "social"
          ],
          "grid": 16,
          "colorPermutations": {
            "1981714011991981991255219612552552551344428134505313649301569610816161591651141331658850176102521796960188888719079341": []
          },
          "id": 23
        },
        {
          "paths": [
            "M101.837 286.157c0 76.493 25.549 131.686 75.878 164.096 41.267 26.624 89.088 30.618 113.971 30.618 6.042 0 10.906-0.307 14.285-0.512 0 0-7.885 51.405 30.208 102.195h-1.741c-65.997 0-281.242 13.773-281.242 190.822 0 180.019 197.683 189.184 237.363 189.184 3.123 0 4.966-0.102 4.966-0.102 0.41 0 3.226 0.102 8.090 0.102 25.446 0 91.238-3.174 152.32-32.922 79.258-38.4 119.45-105.421 119.45-198.912 0-90.317-61.235-144.077-105.933-183.398-27.29-24.013-50.893-44.698-50.893-64.819 0-20.48 17.254-35.891 39.014-55.398 35.277-31.488 68.557-76.39 68.557-161.28 0-74.598-9.677-124.723-69.325-156.518 6.195-3.174 28.211-5.478 39.066-7.014 32.307-4.403 79.565-9.421 79.565-35.789v-5.069h-235.469c-2.355 0.102-238.131 8.806-238.131 224.717zM481.946 747.622c4.506 71.987-57.088 125.082-149.606 131.789-93.952 6.912-171.264-35.379-175.77-107.315-2.202-34.611 13.005-68.403 42.752-95.386 30.157-27.29 71.578-44.186 116.634-47.514 5.325-0.307 10.598-0.614 15.872-0.614 86.989 0.051 145.869 51.149 150.118 119.040zM420.454 236.851c23.091 81.306-11.776 166.195-67.379 181.914-6.4 1.792-12.954 2.662-19.661 2.662-50.893 0-101.325-51.507-120.064-122.522-10.445-39.731-9.574-74.65 2.406-108.134 11.725-33.024 32.922-55.194 59.546-62.72 6.4-1.792 13.005-2.714 19.712-2.714 61.44 0 100.966 25.498 125.44 111.514zM819.2 409.6v-153.6h-102.4v153.6h-153.6v102.4h153.6v153.6h102.4v-153.6h153.6v-102.4h-153.6z"
          ],
          "attrs": [],
          "isMulticolor": false,
          "isMulticolor2": false,
          "tags": [
            "google+",
            "brand",
            "social"
          ],
          "grid": 16,
          "colorPermutations": {
            "1981714011991981991255219612552552551344428134505313649301569610816161591651141331658850176102521796960188888719079341": []
          },
          "id": 24
        },
        {
          "paths": [
            "M441.19 677.222c-26.931 141.005-59.75 276.173-157.082 346.778-30.003-213.094 44.083-373.094 78.541-542.976-58.726-98.816 7.066-297.574 130.816-248.576 152.32 60.211-131.891 367.206 58.88 405.606 199.219 39.987 280.525-345.6 156.979-470.989-178.432-181.146-519.475-4.25-477.491 255.078 10.189 63.386 75.674 82.586 26.163 170.086-114.227-25.293-148.326-115.405-143.923-235.52 7.066-196.608 176.589-334.182 346.675-353.28 215.091-24.115 416.973 79.002 444.877 281.293 31.386 228.403-97.075 475.802-327.117 457.984-62.362-4.864-88.474-35.789-137.318-65.485z"
          ],
          "attrs": [],
          "isMulticolor": false,
          "isMulticolor2": false,
          "tags": [
            "pinterest",
            "brand"
          ],
          "grid": 16,
          "colorPermutations": {
            "1981714011991981991255219612552552551344428134505313649301569610816161591651141331658850176102521796960188888719079341": []
          },
          "id": 25
        },
        {
          "paths": [
            "M512 92.2c136.8 0 153 0.6 206.8 3 50 2.2 77 10.6 95 17.6 23.8 9.2 41 20.4 58.8 38.2 18 18 29 35 38.4 58.8 7 18 15.4 45.2 17.6 95 2.4 54 3 70.2 3 206.8s-0.6 153-3 206.8c-2.2 50-10.6 77-17.6 95-9.2 23.8-20.4 41-38.2 58.8-18 18-35 29-58.8 38.4-18 7-45.2 15.4-95 17.6-54 2.4-70.2 3-206.8 3s-153-0.6-206.8-3c-50-2.2-77-10.6-95-17.6-23.8-9.2-41-20.4-58.8-38.2-18-18-29-35-38.4-58.8-7-18-15.4-45.2-17.6-95-2.4-54-3-70.2-3-206.8s0.6-153 3-206.8c2.2-50 10.6-77 17.6-95 9.2-23.8 20.4-41 38.2-58.8 18-18 35-29 58.8-38.4 18-7 45.2-15.4 95-17.6 53.8-2.4 70-3 206.8-3zM512 0c-139 0-156.4 0.6-211 3-54.4 2.4-91.8 11.2-124.2 23.8-33.8 13.2-62.4 30.6-90.8 59.2-28.6 28.4-46 57-59.2 90.6-12.6 32.6-21.4 69.8-23.8 124.2-2.4 54.8-3 72.2-3 211.2s0.6 156.4 3 211c2.4 54.4 11.2 91.8 23.8 124.2 13.2 33.8 30.6 62.4 59.2 90.8 28.4 28.4 57 46 90.6 59 32.6 12.6 69.8 21.4 124.2 23.8 54.6 2.4 72 3 211 3s156.4-0.6 211-3c54.4-2.4 91.8-11.2 124.2-23.8 33.6-13 62.2-30.6 90.6-59s46-57 59-90.6c12.6-32.6 21.4-69.8 23.8-124.2 2.4-54.6 3-72 3-211s-0.6-156.4-3-211c-2.4-54.4-11.2-91.8-23.8-124.2-12.6-34-30-62.6-58.6-91-28.4-28.4-57-46-90.6-59-32.6-12.6-69.8-21.4-124.2-23.8-54.8-2.6-72.2-3.2-211.2-3.2v0z",
            "M512 249c-145.2 0-263 117.8-263 263s117.8 263 263 263 263-117.8 263-263c0-145.2-117.8-263-263-263zM512 682.6c-94.2 0-170.6-76.4-170.6-170.6s76.4-170.6 170.6-170.6c94.2 0 170.6 76.4 170.6 170.6s-76.4 170.6-170.6 170.6z",
            "M846.8 238.6c0 33.91-27.49 61.4-61.4 61.4s-61.4-27.49-61.4-61.4c0-33.91 27.49-61.4 61.4-61.4s61.4 27.49 61.4 61.4z"
          ],
          "attrs": [],
          "isMulticolor": false,
          "isMulticolor2": false,
          "tags": [
            "instagram",
            "brand",
            "social"
          ],
          "defaultCode": 60050,
          "grid": 16,
          "colorPermutations": {
            "1981714011991981991255219612552552551344428134505313649301569610816161591651141331658850176102521796960188888719079341": []
          },
          "id": 26
        },
        {
          "paths": [
            "M0 544c0-123.712 100.288-224 224-224s224 100.288 224 224c0 123.712-100.288 224-224 224s-224-100.288-224-224zM576 544c0-123.712 100.288-224 224-224s224 100.288 224 224c0 123.712-100.288 224-224 224s-224-100.288-224-224z"
          ],
          "attrs": [],
          "isMulticolor": false,
          "isMulticolor2": false,
          "tags": [
            "flickr",
            "brand",
            "social"
          ],
          "defaultCode": 60067,
          "grid": 16,
          "colorPermutations": {
            "1981714011991981991255219612552552551344428134505313649301569610816161591651141331658850176102521796960188888719079341": []
          },
          "id": 27
        },
        {
          "paths": [
            "M256 153.6c0 54.374-36.352 101.171-102.451 101.171-62.208 0-102.349-44.134-102.349-98.509 0-55.808 38.912-105.062 102.4-105.062s101.171 46.592 102.4 102.4zM51.2 972.8v-665.6h204.8v665.6h-204.8z",
            "M358.4 534.733c0-79.104-2.611-145.203-5.222-202.291h184.013l9.114 88.218h3.891c25.907-41.523 89.395-102.4 195.686-102.4 129.638 0 226.918 86.784 226.918 273.51v381.030h-204.8v-351.283c0-81.613-31.078-143.872-102.4-143.872-54.374 0-81.613 44.032-95.898 80.333-5.222 13.005-6.502 31.13-6.502 49.306v365.517h-204.8v-438.067z"
          ],
          "attrs": [
            {},
            {}
          ],
          "isMulticolor": false,
          "isMulticolor2": false,
          "tags": [
            "linkedin",
            "band"
          ],
          "grid": 16,
          "colorPermutations": {
            "1981714011991981991255219612552552551344428134505313649301569610816161591651141331658850176102521796960188888719079341": [
              {},
              {}
            ]
          },
          "id": 28
        },
        {
          "paths": [
            "M845.036 106.969v228.535c-5.5 6.628-12.058 12.058-18.757 16.289-7.263 4.301-12.692 6.628-17.558 6.628-5.43 0-9.66-1.763-12.058-4.795-3.032-3.667-4.301-8.462-4.301-15.725v-230.932h-61.699v251.452c0 18.193 3.667 31.449 10.93 40.475 7.192 9.096 18.193 13.327 32.013 13.327 12.128 0 23.552-3.032 36.244-9.026 12.058-6.628 23.622-15.725 35.116-28.417v33.212h61.699v-301.093h-61.629zM656.976 121.566c-16.359-15.16-37.443-22.423-62.757-22.423-27.853 0-50.206 7.263-67.129 21.154-16.359 13.891-24.75 32.013-24.75 55.635v155.976c0 26.020 8.391 45.904 24.116 61.065 16.289 15.090 38.148 22.917 64.661 22.917 27.782 0 50.206-7.263 65.86-22.353 16.359-14.526 24.186-34.411 24.186-60.43v-155.342c0.071-22.987-8.391-41.744-24.186-56.199zM618.335 337.902c0 7.827-2.397 13.891-7.333 18.757-4.724 4.865-11.423 7.263-19.885 7.263-7.827 0-14.455-2.397-18.757-7.263-4.16-4.231-6.628-10.859-6.628-18.757v-164.438c0-6.628 2.468-12.058 7.263-15.654 4.301-4.231 10.859-6.064 18.122-6.064 7.827 0 14.526 1.763 19.885 6.064 4.936 3.667 7.333 9.096 7.333 15.654v164.438zM427.313 0l-42.872 163.239h-4.865l-44.706-163.239h-70.091l82.783 246.657v161.406h69.456v-169.233l80.456-238.83h-70.161zM907.864 718.746c3.596 4.795 5.43 13.257 5.43 24.116v27.782h-47.738v-27.782c0-10.859 1.199-19.321 5.5-24.116 3.596-4.865 9.66-7.898 18.757-7.898 8.391 0.071 14.455 3.103 18.052 7.898zM718.112 717.547c-3.596-4.865-9.66-7.263-16.923-7.263-3.596 0-7.827 0.635-11.494 2.397-3.667 1.833-7.827 4.865-11.494 8.532v170.432c4.231 4.231 9.026 7.898 13.257 9.66 4.231 1.833 8.462 3.032 12.692 3.032 7.263 0 12.058-1.833 15.019-6.064 3.032-3.596 4.865-9.66 4.865-18.757v-141.38c0.141-9.167-1.763-15.725-5.923-20.59zM718.112 717.547c-3.596-4.865-9.66-7.263-16.923-7.263-3.596 0-7.827 0.635-11.494 2.397-3.667 1.833-7.827 4.865-11.494 8.532v170.432c4.231 4.231 9.026 7.898 13.257 9.66 4.231 1.833 8.462 3.032 12.692 3.032 7.263 0 12.058-1.833 15.019-6.064 3.032-3.596 4.865-9.66 4.865-18.757v-141.38c0.141-9.167-1.763-15.725-5.923-20.59zM1028.231 506.57h-857.165c-93.713 0-171.066 77.424-171.066 171.701v174.733c0 94.206 77.354 171.066 171.066 171.066h857.094c93.713 0 171.066-76.789 171.066-171.066v-174.733c0.071-94.277-77.354-171.701-170.996-171.701zM401.999 626.867h-64.097v316.748h-61.699v-316.748h-63.462v-53.802h189.259v53.802zM582.020 943.614h-55.001v-30.18c-9.66 11.423-20.59 19.955-31.379 25.385-10.859 6.064-21.225 9.026-31.52 9.026-12.622 0-22.282-4.231-28.981-12.692-6.064-7.827-9.026-19.955-9.026-36.244v-229.099h54.366v210.342c0 5.994 1.199 10.859 3.667 13.891 1.833 3.032 5.994 4.231 10.93 4.231 4.16 0 9.026-1.763 15.090-5.994 6.628-3.667 12.058-8.462 16.853-14.526v-207.945h55.001v273.805zM780.305 886.78c0 19.321-4.231 34.411-12.692 44.706-8.391 10.295-21.154 15.725-37.372 15.725-11 0-20.026-1.833-28.488-5.994-8.462-4.301-16.218-10.295-23.481-18.757v21.154h-55.001v-370.549h55.001v119.027c7.192-7.757 15.019-14.455 23.481-18.686s16.923-6.628 25.385-6.628c16.923 0 30.25 5.994 39.276 17.558 9.096 11.494 13.891 28.347 13.891 50.77v151.675zM970.198 813.658h-104.642v51.404c0 14.526 1.199 24.186 4.865 29.616 3.596 5.994 10.295 8.462 18.757 8.462 9.026 0 15.090-2.397 18.757-7.263 3.596-4.231 5.43-15.090 5.43-30.814v-12.692h56.905v13.891c0 28.488-7.263 49.571-21.225 63.462-13.257 14.526-33.847 21.154-60.994 21.154-24.821 0-44.142-7.263-58.103-22.353-13.821-15.090-21.084-35.68-21.084-62.264v-122.694c0-23.552 7.827-42.943 23.552-58.033 15.090-14.596 35.045-22.353 59.796-22.353 24.821 0 44.142 7.263 57.398 21.154 13.327 13.891 20.59 33.212 20.59 59.232v70.091zM701.118 710.285c-3.596 0-7.827 0.635-11.494 2.397-3.667 1.833-7.827 4.865-11.494 8.532v170.432c4.231 4.231 9.026 7.898 13.257 9.66 4.231 1.833 8.462 3.032 12.692 3.032 7.263 0 12.058-1.833 15.019-6.064 3.032-3.596 4.865-9.66 4.865-18.757v-141.38c0-9.096-1.833-15.725-6.064-20.59-3.455-4.865-9.519-7.263-16.782-7.263zM718.112 717.547c-3.596-4.865-9.66-7.263-16.923-7.263-3.596 0-7.827 0.635-11.494 2.397-3.667 1.833-7.827 4.865-11.494 8.532v170.432c4.231 4.231 9.026 7.898 13.257 9.66 4.231 1.833 8.462 3.032 12.692 3.032 7.263 0 12.058-1.833 15.019-6.064 3.032-3.596 4.865-9.66 4.865-18.757v-141.38c0.141-9.167-1.763-15.725-5.923-20.59zM718.112 717.547c-3.596-4.865-9.66-7.263-16.923-7.263-3.596 0-7.827 0.635-11.494 2.397-3.667 1.833-7.827 4.865-11.494 8.532v170.432c4.231 4.231 9.026 7.898 13.257 9.66 4.231 1.833 8.462 3.032 12.692 3.032 7.263 0 12.058-1.833 15.019-6.064 3.032-3.596 4.865-9.66 4.865-18.757v-141.38c0.141-9.167-1.763-15.725-5.923-20.59z"
          ],
          "attrs": [
            {
              "fill": "rgb(34, 44, 28)"
            }
          ],
          "width": 1199,
          "isMulticolor": false,
          "isMulticolor2": false,
          "grid": 16,
          "tags": [
            "youtube",
            "brand"
          ],
          "colorPermutations": {
            "1981714011991981991255219612552552551344428134505313649301569610816161591651141331658850176102521796960188888719079341": [
              {
                "f": 0
              }
            ]
          },
          "id": 29
        }
      ],
      "height": 1024,
      "metadata": {
        "name": "ao-icons",
        "designer": "Agence'O",
        "designerURL": "http://o-agence.fr"
      },
      "preferences": {
        "showGlyphs": true,
        "showCodes": true,
        "showQuickUse": true,
        "showQuickUse2": true,
        "showSVGs": true,
        "fontPref": {
          "prefix": "icon-",
          "metadata": {
            "fontFamily": "ao-icons",
            "majorVersion": 2,
            "minorVersion": 0,
            "description": "Icon fons for Intermat Event",
            "copyright": "Comexpsium",
            "designer": "Agence'O",
            "designerURL": "http://o-agence.fr"
          },
          "metrics": {
            "emSize": 1024,
            "baseline": 6.25,
            "whitespace": 50
          },
          "embed": false,
          "cssVars": true,
          "cssVarsFormat": "sass",
          "showSelector": false,
          "showMetrics": false,
          "showMetadata": true,
          "showVersion": true
        },
        "imagePref": {
          "prefix": "icon-",
          "png": true,
          "useClassSelector": true,
          "color": 0,
          "bgColor": 16777215
        },
        "historySize": 100,
        "gridSize": 16,
        "showGrid": false
      },
      "selection": [
        {
          "order": 3,
          "id": 32,
          "name": "short-arrow-left",
          "prevSize": 32,
          "code": 58884
        },
        {
          "order": 4,
          "id": 5,
          "name": "short-arrow-right",
          "prevSize": 32,
          "code": 58902
        },
        {
          "order": 5,
          "id": 33,
          "name": "arrow-left",
          "prevSize": 32,
          "code": 58882
        },
        {
          "order": 6,
          "id": 4,
          "name": "arrow-right",
          "prevSize": 32,
          "code": 58893
        },
        {
          "order": 7,
          "id": 34,
          "name": "long-arrow-left",
          "prevSize": 32,
          "code": 58913
        },
        {
          "order": 8,
          "id": 6,
          "name": "long-arrow-right",
          "prevSize": 32,
          "code": 58914
        },
        {
          "order": 9,
          "id": 35,
          "name": "arrow-din-left",
          "prevSize": 32,
          "code": 59675
        },
        {
          "order": 10,
          "id": 29,
          "name": "arrow-din-right",
          "prevSize": 32,
          "code": 59676
        },
        {
          "order": 11,
          "id": 11,
          "name": "email",
          "prevSize": 32,
          "code": 58888
        },
        {
          "order": 12,
          "id": 10,
          "name": "email-out",
          "prevSize": 32,
          "code": 59678
        },
        {
          "order": 13,
          "id": 9,
          "name": "search",
          "prevSize": 32,
          "code": 58901
        },
        {
          "order": 27,
          "id": 8,
          "name": "star-empty",
          "prevSize": 32,
          "code": 59967
        },
        {
          "order": 28,
          "id": 7,
          "name": "star-delete",
          "prevSize": 32,
          "code": 59395
        },
        {
          "order": 29,
          "id": 3,
          "name": "calendar",
          "prevSize": 32,
          "code": 58908
        },
        {
          "order": 30,
          "id": 2,
          "name": "calendar-delete",
          "prevSize": 32,
          "code": 59683
        },
        {
          "order": 31,
          "id": 15,
          "name": "map",
          "prevSize": 32,
          "code": 58897
        },
        {
          "order": 14,
          "id": 0,
          "name": "localisation",
          "prevSize": 32,
          "code": 58937
        },
        {
          "order": 15,
          "id": 12,
          "name": "stand",
          "prevSize": 32,
          "code": 58903
        },
        {
          "order": 16,
          "id": 13,
          "name": "buy",
          "prevSize": 32,
          "code": 58886
        },
        {
          "order": 17,
          "id": 14,
          "name": "exponent",
          "prevSize": 32,
          "code": 58892
        },
        {
          "order": 18,
          "id": 31,
          "name": "pdf",
          "prevSize": 32,
          "code": 58895
        },
        {
          "ligatures": "facebook, brand10",
          "name": "facebook",
          "id": 20,
          "order": 19,
          "prevSize": 32,
          "code": 58890
        },
        {
          "id": 27,
          "order": 20,
          "prevSize": 32,
          "name": "twitter",
          "code": 58904
        },
        {
          "id": 24,
          "order": 21,
          "prevSize": 32,
          "name": "google-plus",
          "code": 58920
        },
        {
          "id": 26,
          "order": 22,
          "prevSize": 32,
          "name": "pinterest",
          "code": 58896
        },
        {
          "ligatures": "instagram, brand12",
          "name": "instagram",
          "id": 21,
          "order": 23,
          "prevSize": 32,
          "code": 60050
        },
        {
          "ligatures": "flickr, brand27",
          "name": "flickr",
          "id": 23,
          "order": 24,
          "prevSize": 32,
          "code": 60067
        },
        {
          "id": 25,
          "order": 25,
          "prevSize": 32,
          "name": "linkedin",
          "code": 58917
        },
        {
          "order": 26,
          "id": 30,
          "name": "youtube",
          "prevSize": 32,
          "code": 59694
        }
      ],
      "prevSize": 32,
      "id": 1
    }
  ],
  "preferences": {
    "showGlyphs": true,
    "showCodes": true,
    "showQuickUse": true,
    "showQuickUse2": true,
    "showSVGs": true,
    "fontPref": {
      "prefix": "icon-",
      "metadata": {
        "fontFamily": "ao-icons",
        "majorVersion": 2,
        "minorVersion": 0,
        "description": "Icon fons for Intermat Event",
        "copyright": "Comexposium",
        "designer": "Agence'O",
        "designerURL": "http://o-agence.fr"
      },
      "metrics": {
        "emSize": 1024,
        "baseline": 6.25,
        "whitespace": 50
      },
      "embed": false,
      "cssVars": true,
      "cssVarsFormat": "sass",
      "showSelector": false,
      "showMetrics": false,
      "showMetadata": true,
      "showVersion": true
    },
    "imagePref": {
      "prefix": "icon-",
      "png": true,
      "useClassSelector": true,
      "color": 0,
      "bgColor": 16777215
    },
    "historySize": 100,
    "gridSize": 16,
    "showGrid": false
  },
  "uid": -1
}